time,value
2021-1-16 15:00:00.000000,27
2021-1-16 16:00:00.000000,25
